{"train/loss": 0.5178, "train/learning_rate": 0.0003, "train/epoch": 10.0, "train/global_step": 40, "_timestamp": 1742685076.0755792, "_runtime": 305.83661818504333, "_step": 50, "eval/loss": 0.7497108578681946, "eval/runtime": 32.8425, "eval/samples_per_second": 761.208, "eval/steps_per_second": 31.727, "train_runtime": 274.8421, "train_samples_per_second": 3.638, "train_steps_per_second": 0.146, "total_flos": 0.0, "train_loss": 0.5815485373139382, "train/final_epsilon_prv": 19.153720405434587, "train/final_epsilon_rdp": 23.074568523422705, "_wandb": {"runtime": 304}}