{"train/loss": 0.6743, "train/learning_rate": 0.0001, "train/epoch": 10.0, "train/global_step": 20, "_timestamp": 1742685644.431321, "_runtime": 173.56101393699646, "_step": 26, "eval/loss": 0.7019744515419006, "eval/runtime": 32.9346, "eval/samples_per_second": 759.079, "eval/steps_per_second": 31.638, "train_runtime": 142.455, "train_samples_per_second": 7.02, "train_steps_per_second": 0.14, "total_flos": 0.0, "train_loss": 0.6575652629137039, "train/final_epsilon_prv": 39.53605613184978, "train/final_epsilon_rdp": 45.88972418122107, "_wandb": {"runtime": 172}}