{"train/final_epsilon_prv": 0.08995976510558429, "train/final_epsilon_rdp": 0, "train/epoch": 0, "train/global_step": 0, "_timestamp": 1742631547.1935916, "_runtime": 3.4965975284576416, "_step": 0, "_wandb": {"runtime": 2}}