{"train/final_epsilon_prv": 0.08995976510558429, "train/final_epsilon_rdp": 0, "train/epoch": 0, "train/global_step": 0, "_timestamp": 1742603141.0076165, "_runtime": 4.042381525039673, "_step": 0, "_wandb": {"runtime": 3}}