{"train/final_epsilon_prv": 0.08995976510558429, "train/final_epsilon_rdp": 0, "train/epoch": 0, "train/global_step": 0, "_timestamp": 1742629830.5648866, "_runtime": 3.3853256702423096, "_step": 0, "_wandb": {"runtime": 2}}