{"train/loss": 0.6406, "train/learning_rate": 0.0003, "train/epoch": 10.0, "train/global_step": 40, "_timestamp": 1742632376.3723543, "_runtime": 622.2737543582916, "_step": 49, "eval/loss": 0.705145537853241, "eval/runtime": 75.6046, "eval/samples_per_second": 330.668, "eval/steps_per_second": 13.782, "train_runtime": 624.3669, "train_samples_per_second": 1.602, "train_steps_per_second": 0.064, "total_flos": 0.0, "train_loss": 0.6453308463096619, "train/final_epsilon_prv": 1.5881617433022557, "train/final_epsilon_rdp": 1.8446927192274867, "_wandb": {"runtime": 621}}