{"train/final_epsilon_prv": 0.08995976510558429, "train/final_epsilon_rdp": 0, "train/epoch": 0, "train/global_step": 0, "_timestamp": 1742549564.233678, "_runtime": 4.904166221618652, "_step": 0, "_wandb": {"runtime": 4}}