{"train/final_epsilon_prv": 0.08995976510558429, "train/final_epsilon_rdp": 0, "train/epoch": 0, "train/global_step": 0, "_timestamp": 1742629660.7885473, "_runtime": 3.8984642028808594, "_step": 0, "_wandb": {"runtime": 3}}