{"train/loss": 0.6406, "train/learning_rate": 0.0003, "train/epoch": 10.0, "train/global_step": 40, "_timestamp": 1742635378.2047505, "_runtime": 696.7088224887848, "_step": 50, "eval/loss": 0.705145537853241, "eval/runtime": 75.7252, "eval/samples_per_second": 330.141, "eval/steps_per_second": 13.76, "train_runtime": 622.9673, "train_samples_per_second": 1.605, "train_steps_per_second": 0.064, "total_flos": 0.0, "train_loss": 0.6453308492898941, "train/final_epsilon_prv": 1.5881617433022557, "train/final_epsilon_rdp": 1.8446927192274867, "_wandb": {"runtime": 695}}