{"train/final_epsilon_prv": 0.08995976510558429, "train/final_epsilon_rdp": 0, "train/epoch": 0, "train/global_step": 0, "_timestamp": 1742606072.617823, "_runtime": 4.128379821777344, "_step": 0, "_wandb": {"runtime": 3}}